[
    {
        "sha": "7c45a98f6e58213ed327e318b9a132e2d1386b4e",
        "node_id": "C_kwDOIc6QctoAKDdjNDVhOThmNmU1ODIxM2VkMzI3ZTMxOGI5YTEzMmUyZDEzODZiNGU",
        "commit": {
            "author": {
                "name": "Microsoft Open Source",
                "email": "microsoftopensource@users.noreply.github.com",
                "date": "2022-11-17T08:56:09Z"
            },
            "committer": {
                "name": "Microsoft Open Source",
                "email": "microsoftopensource@users.noreply.github.com",
                "date": "2022-11-17T08:56:09Z"
            },
            "message": "SUPPORT.md committed",
            "tree": {
                "sha": "03c4c0c627e819b2010109326db10ef2f5e5ab14",
                "url": "https://api.github.com/repos/microsoft/torchscale/git/trees/03c4c0c627e819b2010109326db10ef2f5e5ab14"
            },
            "url": "https://api.github.com/repos/microsoft/torchscale/git/commits/7c45a98f6e58213ed327e318b9a132e2d1386b4e",
            "comment_count": 0,
            "verification": {
                "verified": false,
                "reason": "unsigned",
                "signature": null,
                "payload": null
            }
        },
        "url": "https://api.github.com/repos/microsoft/torchscale/commits/7c45a98f6e58213ed327e318b9a132e2d1386b4e",
        "html_url": "https://github.com/microsoft/torchscale/commit/7c45a98f6e58213ed327e318b9a132e2d1386b4e",
        "comments_url": "https://api.github.com/repos/microsoft/torchscale/commits/7c45a98f6e58213ed327e318b9a132e2d1386b4e/comments",
        "author": {
            "login": "microsoftopensource",
            "id": 22527892,
            "node_id": "MDQ6VXNlcjIyNTI3ODky",
            "avatar_url": "https://avatars.githubusercontent.com/u/22527892?v=4",
            "gravatar_id": "",
            "url": "https://api.github.com/users/microsoftopensource",
            "html_url": "https://github.com/microsoftopensource",
            "followers_url": "https://api.github.com/users/microsoftopensource/followers",
            "following_url": "https://api.github.com/users/microsoftopensource/following{/other_user}",
            "gists_url": "https://api.github.com/users/microsoftopensource/gists{/gist_id}",
            "starred_url": "https://api.github.com/users/microsoftopensource/starred{/owner}{/repo}",
            "subscriptions_url": "https://api.github.com/users/microsoftopensource/subscriptions",
            "organizations_url": "https://api.github.com/users/microsoftopensource/orgs",
            "repos_url": "https://api.github.com/users/microsoftopensource/repos",
            "events_url": "https://api.github.com/users/microsoftopensource/events{/privacy}",
            "received_events_url": "https://api.github.com/users/microsoftopensource/received_events",
            "type": "User",
            "site_admin": false
        },
        "committer": {
            "login": "microsoftopensource",
            "id": 22527892,
            "node_id": "MDQ6VXNlcjIyNTI3ODky",
            "avatar_url": "https://avatars.githubusercontent.com/u/22527892?v=4",
            "gravatar_id": "",
            "url": "https://api.github.com/users/microsoftopensource",
            "html_url": "https://github.com/microsoftopensource",
            "followers_url": "https://api.github.com/users/microsoftopensource/followers",
            "following_url": "https://api.github.com/users/microsoftopensource/following{/other_user}",
            "gists_url": "https://api.github.com/users/microsoftopensource/gists{/gist_id}",
            "starred_url": "https://api.github.com/users/microsoftopensource/starred{/owner}{/repo}",
            "subscriptions_url": "https://api.github.com/users/microsoftopensource/subscriptions",
            "organizations_url": "https://api.github.com/users/microsoftopensource/orgs",
            "repos_url": "https://api.github.com/users/microsoftopensource/repos",
            "events_url": "https://api.github.com/users/microsoftopensource/events{/privacy}",
            "received_events_url": "https://api.github.com/users/microsoftopensource/received_events",
            "type": "User",
            "site_admin": false
        },
        "parents": [
            {
                "sha": "612b228b59a336989d171814447171f7ad55f59f",
                "url": "https://api.github.com/repos/microsoft/torchscale/commits/612b228b59a336989d171814447171f7ad55f59f",
                "html_url": "https://github.com/microsoft/torchscale/commit/612b228b59a336989d171814447171f7ad55f59f"
            }
        ]
    },
    {
        "sha": "612b228b59a336989d171814447171f7ad55f59f",
        "node_id": "C_kwDOIc6QctoAKDYxMmIyMjhiNTlhMzM2OTg5ZDE3MTgxNDQ0NzE3MWY3YWQ1NWY1OWY",
        "commit": {
            "author": {
                "name": "Microsoft Open Source",
                "email": "microsoftopensource@users.noreply.github.com",
                "date": "2022-11-17T08:56:09Z"
            },
            "committer": {
                "name": "Microsoft Open Source",
                "email": "microsoftopensource@users.noreply.github.com",
                "date": "2022-11-17T08:56:09Z"
            },
            "message": "SECURITY.md committed",
            "tree": {
                "sha": "43426605edd4cde8371600eb905a5a8b2a98c4e0",
                "url": "https://api.github.com/repos/microsoft/torchscale/git/trees/43426605edd4cde8371600eb905a5a8b2a98c4e0"
            },
            "url": "https://api.github.com/repos/microsoft/torchscale/git/commits/612b228b59a336989d171814447171f7ad55f59f",
            "comment_count": 0,
            "verification": {
                "verified": false,
                "reason": "unsigned",
                "signature": null,
                "payload": null
            }
        },
        "url": "https://api.github.com/repos/microsoft/torchscale/commits/612b228b59a336989d171814447171f7ad55f59f",
        "html_url": "https://github.com/microsoft/torchscale/commit/612b228b59a336989d171814447171f7ad55f59f",
        "comments_url": "https://api.github.com/repos/microsoft/torchscale/commits/612b228b59a336989d171814447171f7ad55f59f/comments",
        "author": {
            "login": "microsoftopensource",
            "id": 22527892,
            "node_id": "MDQ6VXNlcjIyNTI3ODky",
            "avatar_url": "https://avatars.githubusercontent.com/u/22527892?v=4",
            "gravatar_id": "",
            "url": "https://api.github.com/users/microsoftopensource",
            "html_url": "https://github.com/microsoftopensource",
            "followers_url": "https://api.github.com/users/microsoftopensource/followers",
            "following_url": "https://api.github.com/users/microsoftopensource/following{/other_user}",
            "gists_url": "https://api.github.com/users/microsoftopensource/gists{/gist_id}",
            "starred_url": "https://api.github.com/users/microsoftopensource/starred{/owner}{/repo}",
            "subscriptions_url": "https://api.github.com/users/microsoftopensource/subscriptions",
            "organizations_url": "https://api.github.com/users/microsoftopensource/orgs",
            "repos_url": "https://api.github.com/users/microsoftopensource/repos",
            "events_url": "https://api.github.com/users/microsoftopensource/events{/privacy}",
            "received_events_url": "https://api.github.com/users/microsoftopensource/received_events",
            "type": "User",
            "site_admin": false
        },
        "committer": {
            "login": "microsoftopensource",
            "id": 22527892,
            "node_id": "MDQ6VXNlcjIyNTI3ODky",
            "avatar_url": "https://avatars.githubusercontent.com/u/22527892?v=4",
            "gravatar_id": "",
            "url": "https://api.github.com/users/microsoftopensource",
            "html_url": "https://github.com/microsoftopensource",
            "followers_url": "https://api.github.com/users/microsoftopensource/followers",
            "following_url": "https://api.github.com/users/microsoftopensource/following{/other_user}",
            "gists_url": "https://api.github.com/users/microsoftopensource/gists{/gist_id}",
            "starred_url": "https://api.github.com/users/microsoftopensource/starred{/owner}{/repo}",
            "subscriptions_url": "https://api.github.com/users/microsoftopensource/subscriptions",
            "organizations_url": "https://api.github.com/users/microsoftopensource/orgs",
            "repos_url": "https://api.github.com/users/microsoftopensource/repos",
            "events_url": "https://api.github.com/users/microsoftopensource/events{/privacy}",
            "received_events_url": "https://api.github.com/users/microsoftopensource/received_events",
            "type": "User",
            "site_admin": false
        },
        "parents": [
            {
                "sha": "3185172457ac6028a1ba6fa1afd0ecc1947d067d",
                "url": "https://api.github.com/repos/microsoft/torchscale/commits/3185172457ac6028a1ba6fa1afd0ecc1947d067d",
                "html_url": "https://github.com/microsoft/torchscale/commit/3185172457ac6028a1ba6fa1afd0ecc1947d067d"
            }
        ]
    },
    {
        "sha": "3185172457ac6028a1ba6fa1afd0ecc1947d067d",
        "node_id": "C_kwDOIc6QctoAKDMxODUxNzI0NTdhYzYwMjhhMWJhNmZhMWFmZDBlY2MxOTQ3ZDA2N2Q",
        "commit": {
            "author": {
                "name": "Microsoft Open Source",
                "email": "microsoftopensource@users.noreply.github.com",
                "date": "2022-11-17T08:56:08Z"
            },
            "committer": {
                "name": "Microsoft Open Source",
                "email": "microsoftopensource@users.noreply.github.com",
                "date": "2022-11-17T08:56:08Z"
            },
            "message": "README.md committed",
            "tree": {
                "sha": "4893a4a2dbbc54cedaa8a9204a772fa8404c9c76",
                "url": "https://api.github.com/repos/microsoft/torchscale/git/trees/4893a4a2dbbc54cedaa8a9204a772fa8404c9c76"
            },
            "url": "https://api.github.com/repos/microsoft/torchscale/git/commits/3185172457ac6028a1ba6fa1afd0ecc1947d067d",
            "comment_count": 0,
            "verification": {
                "verified": false,
                "reason": "unsigned",
                "signature": null,
                "payload": null
            }
        },
        "url": "https://api.github.com/repos/microsoft/torchscale/commits/3185172457ac6028a1ba6fa1afd0ecc1947d067d",
        "html_url": "https://github.com/microsoft/torchscale/commit/3185172457ac6028a1ba6fa1afd0ecc1947d067d",
        "comments_url": "https://api.github.com/repos/microsoft/torchscale/commits/3185172457ac6028a1ba6fa1afd0ecc1947d067d/comments",
        "author": {
            "login": "microsoftopensource",
            "id": 22527892,
            "node_id": "MDQ6VXNlcjIyNTI3ODky",
            "avatar_url": "https://avatars.githubusercontent.com/u/22527892?v=4",
            "gravatar_id": "",
            "url": "https://api.github.com/users/microsoftopensource",
            "html_url": "https://github.com/microsoftopensource",
            "followers_url": "https://api.github.com/users/microsoftopensource/followers",
            "following_url": "https://api.github.com/users/microsoftopensource/following{/other_user}",
            "gists_url": "https://api.github.com/users/microsoftopensource/gists{/gist_id}",
            "starred_url": "https://api.github.com/users/microsoftopensource/starred{/owner}{/repo}",
            "subscriptions_url": "https://api.github.com/users/microsoftopensource/subscriptions",
            "organizations_url": "https://api.github.com/users/microsoftopensource/orgs",
            "repos_url": "https://api.github.com/users/microsoftopensource/repos",
            "events_url": "https://api.github.com/users/microsoftopensource/events{/privacy}",
            "received_events_url": "https://api.github.com/users/microsoftopensource/received_events",
            "type": "User",
            "site_admin": false
        },
        "committer": {
            "login": "microsoftopensource",
            "id": 22527892,
            "node_id": "MDQ6VXNlcjIyNTI3ODky",
            "avatar_url": "https://avatars.githubusercontent.com/u/22527892?v=4",
            "gravatar_id": "",
            "url": "https://api.github.com/users/microsoftopensource",
            "html_url": "https://github.com/microsoftopensource",
            "followers_url": "https://api.github.com/users/microsoftopensource/followers",
            "following_url": "https://api.github.com/users/microsoftopensource/following{/other_user}",
            "gists_url": "https://api.github.com/users/microsoftopensource/gists{/gist_id}",
            "starred_url": "https://api.github.com/users/microsoftopensource/starred{/owner}{/repo}",
            "subscriptions_url": "https://api.github.com/users/microsoftopensource/subscriptions",
            "organizations_url": "https://api.github.com/users/microsoftopensource/orgs",
            "repos_url": "https://api.github.com/users/microsoftopensource/repos",
            "events_url": "https://api.github.com/users/microsoftopensource/events{/privacy}",
            "received_events_url": "https://api.github.com/users/microsoftopensource/received_events",
            "type": "User",
            "site_admin": false
        },
        "parents": [
            {
                "sha": "47a4c0adc0f9328ff72f241e7067b4d1a95401cd",
                "url": "https://api.github.com/repos/microsoft/torchscale/commits/47a4c0adc0f9328ff72f241e7067b4d1a95401cd",
                "html_url": "https://github.com/microsoft/torchscale/commit/47a4c0adc0f9328ff72f241e7067b4d1a95401cd"
            }
        ]
    },
    {
        "sha": "47a4c0adc0f9328ff72f241e7067b4d1a95401cd",
        "node_id": "C_kwDOIc6QctoAKDQ3YTRjMGFkYzBmOTMyOGZmNzJmMjQxZTcwNjdiNGQxYTk1NDAxY2Q",
        "commit": {
            "author": {
                "name": "Microsoft Open Source",
                "email": "microsoftopensource@users.noreply.github.com",
                "date": "2022-11-17T08:56:07Z"
            },
            "committer": {
                "name": "Microsoft Open Source",
                "email": "microsoftopensource@users.noreply.github.com",
                "date": "2022-11-17T08:56:07Z"
            },
            "message": "LICENSE committed",
            "tree": {
                "sha": "6ccd2b27431dadc51d6346b938a6a3e2b9fb0633",
                "url": "https://api.github.com/repos/microsoft/torchscale/git/trees/6ccd2b27431dadc51d6346b938a6a3e2b9fb0633"
            },
            "url": "https://api.github.com/repos/microsoft/torchscale/git/commits/47a4c0adc0f9328ff72f241e7067b4d1a95401cd",
            "comment_count": 0,
            "verification": {
                "verified": false,
                "reason": "unsigned",
                "signature": null,
                "payload": null
            }
        },
        "url": "https://api.github.com/repos/microsoft/torchscale/commits/47a4c0adc0f9328ff72f241e7067b4d1a95401cd",
        "html_url": "https://github.com/microsoft/torchscale/commit/47a4c0adc0f9328ff72f241e7067b4d1a95401cd",
        "comments_url": "https://api.github.com/repos/microsoft/torchscale/commits/47a4c0adc0f9328ff72f241e7067b4d1a95401cd/comments",
        "author": {
            "login": "microsoftopensource",
            "id": 22527892,
            "node_id": "MDQ6VXNlcjIyNTI3ODky",
            "avatar_url": "https://avatars.githubusercontent.com/u/22527892?v=4",
            "gravatar_id": "",
            "url": "https://api.github.com/users/microsoftopensource",
            "html_url": "https://github.com/microsoftopensource",
            "followers_url": "https://api.github.com/users/microsoftopensource/followers",
            "following_url": "https://api.github.com/users/microsoftopensource/following{/other_user}",
            "gists_url": "https://api.github.com/users/microsoftopensource/gists{/gist_id}",
            "starred_url": "https://api.github.com/users/microsoftopensource/starred{/owner}{/repo}",
            "subscriptions_url": "https://api.github.com/users/microsoftopensource/subscriptions",
            "organizations_url": "https://api.github.com/users/microsoftopensource/orgs",
            "repos_url": "https://api.github.com/users/microsoftopensource/repos",
            "events_url": "https://api.github.com/users/microsoftopensource/events{/privacy}",
            "received_events_url": "https://api.github.com/users/microsoftopensource/received_events",
            "type": "User",
            "site_admin": false
        },
        "committer": {
            "login": "microsoftopensource",
            "id": 22527892,
            "node_id": "MDQ6VXNlcjIyNTI3ODky",
            "avatar_url": "https://avatars.githubusercontent.com/u/22527892?v=4",
            "gravatar_id": "",
            "url": "https://api.github.com/users/microsoftopensource",
            "html_url": "https://github.com/microsoftopensource",
            "followers_url": "https://api.github.com/users/microsoftopensource/followers",
            "following_url": "https://api.github.com/users/microsoftopensource/following{/other_user}",
            "gists_url": "https://api.github.com/users/microsoftopensource/gists{/gist_id}",
            "starred_url": "https://api.github.com/users/microsoftopensource/starred{/owner}{/repo}",
            "subscriptions_url": "https://api.github.com/users/microsoftopensource/subscriptions",
            "organizations_url": "https://api.github.com/users/microsoftopensource/orgs",
            "repos_url": "https://api.github.com/users/microsoftopensource/repos",
            "events_url": "https://api.github.com/users/microsoftopensource/events{/privacy}",
            "received_events_url": "https://api.github.com/users/microsoftopensource/received_events",
            "type": "User",
            "site_admin": false
        },
        "parents": [
            {
                "sha": "b501a486a64d3cbec734332715907114d8b2b95e",
                "url": "https://api.github.com/repos/microsoft/torchscale/commits/b501a486a64d3cbec734332715907114d8b2b95e",
                "html_url": "https://github.com/microsoft/torchscale/commit/b501a486a64d3cbec734332715907114d8b2b95e"
            }
        ]
    },
    {
        "sha": "b501a486a64d3cbec734332715907114d8b2b95e",
        "node_id": "C_kwDOIc6QctoAKGI1MDFhNDg2YTY0ZDNjYmVjNzM0MzMyNzE1OTA3MTE0ZDhiMmI5NWU",
        "commit": {
            "author": {
                "name": "Microsoft Open Source",
                "email": "microsoftopensource@users.noreply.github.com",
                "date": "2022-11-17T08:56:06Z"
            },
            "committer": {
                "name": "Microsoft Open Source",
                "email": "microsoftopensource@users.noreply.github.com",
                "date": "2022-11-17T08:56:06Z"
            },
            "message": "CODE_OF_CONDUCT.md committed",
            "tree": {
                "sha": "c52fcb68fe8a5c4f048209ee0987b5e36f36760c",
                "url": "https://api.github.com/repos/microsoft/torchscale/git/trees/c52fcb68fe8a5c4f048209ee0987b5e36f36760c"
            },
            "url": "https://api.github.com/repos/microsoft/torchscale/git/commits/b501a486a64d3cbec734332715907114d8b2b95e",
            "comment_count": 0,
            "verification": {
                "verified": false,
                "reason": "unsigned",
                "signature": null,
                "payload": null
            }
        },
        "url": "https://api.github.com/repos/microsoft/torchscale/commits/b501a486a64d3cbec734332715907114d8b2b95e",
        "html_url": "https://github.com/microsoft/torchscale/commit/b501a486a64d3cbec734332715907114d8b2b95e",
        "comments_url": "https://api.github.com/repos/microsoft/torchscale/commits/b501a486a64d3cbec734332715907114d8b2b95e/comments",
        "author": {
            "login": "microsoftopensource",
            "id": 22527892,
            "node_id": "MDQ6VXNlcjIyNTI3ODky",
            "avatar_url": "https://avatars.githubusercontent.com/u/22527892?v=4",
            "gravatar_id": "",
            "url": "https://api.github.com/users/microsoftopensource",
            "html_url": "https://github.com/microsoftopensource",
            "followers_url": "https://api.github.com/users/microsoftopensource/followers",
            "following_url": "https://api.github.com/users/microsoftopensource/following{/other_user}",
            "gists_url": "https://api.github.com/users/microsoftopensource/gists{/gist_id}",
            "starred_url": "https://api.github.com/users/microsoftopensource/starred{/owner}{/repo}",
            "subscriptions_url": "https://api.github.com/users/microsoftopensource/subscriptions",
            "organizations_url": "https://api.github.com/users/microsoftopensource/orgs",
            "repos_url": "https://api.github.com/users/microsoftopensource/repos",
            "events_url": "https://api.github.com/users/microsoftopensource/events{/privacy}",
            "received_events_url": "https://api.github.com/users/microsoftopensource/received_events",
            "type": "User",
            "site_admin": false
        },
        "committer": {
            "login": "microsoftopensource",
            "id": 22527892,
            "node_id": "MDQ6VXNlcjIyNTI3ODky",
            "avatar_url": "https://avatars.githubusercontent.com/u/22527892?v=4",
            "gravatar_id": "",
            "url": "https://api.github.com/users/microsoftopensource",
            "html_url": "https://github.com/microsoftopensource",
            "followers_url": "https://api.github.com/users/microsoftopensource/followers",
            "following_url": "https://api.github.com/users/microsoftopensource/following{/other_user}",
            "gists_url": "https://api.github.com/users/microsoftopensource/gists{/gist_id}",
            "starred_url": "https://api.github.com/users/microsoftopensource/starred{/owner}{/repo}",
            "subscriptions_url": "https://api.github.com/users/microsoftopensource/subscriptions",
            "organizations_url": "https://api.github.com/users/microsoftopensource/orgs",
            "repos_url": "https://api.github.com/users/microsoftopensource/repos",
            "events_url": "https://api.github.com/users/microsoftopensource/events{/privacy}",
            "received_events_url": "https://api.github.com/users/microsoftopensource/received_events",
            "type": "User",
            "site_admin": false
        },
        "parents": [
            {
                "sha": "64eae8ab4ca291ceb42f5c0b493e86f235b1fef0",
                "url": "https://api.github.com/repos/microsoft/torchscale/commits/64eae8ab4ca291ceb42f5c0b493e86f235b1fef0",
                "html_url": "https://github.com/microsoft/torchscale/commit/64eae8ab4ca291ceb42f5c0b493e86f235b1fef0"
            }
        ]
    },
    {
        "sha": "64eae8ab4ca291ceb42f5c0b493e86f235b1fef0",
        "node_id": "C_kwDOIc6QctoAKDY0ZWFlOGFiNGNhMjkxY2ViNDJmNWMwYjQ5M2U4NmYyMzViMWZlZjA",
        "commit": {
            "author": {
                "name": "microsoft-github-operations[bot]",
                "email": "55726097+microsoft-github-operations[bot]@users.noreply.github.com",
                "date": "2022-11-17T08:56:00Z"
            },
            "committer": {
                "name": "GitHub",
                "email": "noreply@github.com",
                "date": "2022-11-17T08:56:00Z"
            },
            "message": "Initial commit",
            "tree": {
                "sha": "f8c9f245a80ad34675eca6bc47789a1df177f39b",
                "url": "https://api.github.com/repos/microsoft/torchscale/git/trees/f8c9f245a80ad34675eca6bc47789a1df177f39b"
            },
            "url": "https://api.github.com/repos/microsoft/torchscale/git/commits/64eae8ab4ca291ceb42f5c0b493e86f235b1fef0",
            "comment_count": 0,
            "verification": {
                "verified": true,
                "reason": "valid",
                "signature": "-----BEGIN PGP SIGNATURE-----\n\nwsBcBAABCAAQBQJjdfcgCRBK7hj4Ov3rIwAAyroIAA1AumP0NTZT1B49XVbqMiMh\nhitPq1Ssg0EZy0maD7Jue9zEbaMJNyUFT32lHiREdNANl7BchJ7egzsuykA39zaD\nTTxFV1gPm43zY7TrcPne1bf1CN2Cibw/LQWL1VLz/aoR9OiQTSFvtFdEIsvCQjAr\n9fn4jW81gJ8s5Y3DbOuA25PPOXetmtMMYhZTg3b83267mBfKhDvITCjVpmkeShwh\nruSEY9Rq5lSsc4MFxmCACLP6wUSRgUPJKjIVgpdyzOp2B3gHdn1D+TbaJMyTzEx3\nIAR7ih1CLGdE6wkkyIrTk1EILs6/RJWVXsBTcBq5+IdM87plxyOZOu1W2k00bL0=\n=52Fj\n-----END PGP SIGNATURE-----\n",
                "payload": "tree f8c9f245a80ad34675eca6bc47789a1df177f39b\nauthor microsoft-github-operations[bot] <55726097+microsoft-github-operations[bot]@users.noreply.github.com> 1668675360 +0000\ncommitter GitHub <noreply@github.com> 1668675360 +0000\n\nInitial commit"
            }
        },
        "url": "https://api.github.com/repos/microsoft/torchscale/commits/64eae8ab4ca291ceb42f5c0b493e86f235b1fef0",
        "html_url": "https://github.com/microsoft/torchscale/commit/64eae8ab4ca291ceb42f5c0b493e86f235b1fef0",
        "comments_url": "https://api.github.com/repos/microsoft/torchscale/commits/64eae8ab4ca291ceb42f5c0b493e86f235b1fef0/comments",
        "author": {
            "login": "microsoft-github-operations[bot]",
            "id": 55726097,
            "node_id": "MDM6Qm90NTU3MjYwOTc=",
            "avatar_url": "https://avatars.githubusercontent.com/in/41902?v=4",
            "gravatar_id": "",
            "url": "https://api.github.com/users/microsoft-github-operations%5Bbot%5D",
            "html_url": "https://github.com/apps/microsoft-github-operations",
            "followers_url": "https://api.github.com/users/microsoft-github-operations%5Bbot%5D/followers",
            "following_url": "https://api.github.com/users/microsoft-github-operations%5Bbot%5D/following{/other_user}",
            "gists_url": "https://api.github.com/users/microsoft-github-operations%5Bbot%5D/gists{/gist_id}",
            "starred_url": "https://api.github.com/users/microsoft-github-operations%5Bbot%5D/starred{/owner}{/repo}",
            "subscriptions_url": "https://api.github.com/users/microsoft-github-operations%5Bbot%5D/subscriptions",
            "organizations_url": "https://api.github.com/users/microsoft-github-operations%5Bbot%5D/orgs",
            "repos_url": "https://api.github.com/users/microsoft-github-operations%5Bbot%5D/repos",
            "events_url": "https://api.github.com/users/microsoft-github-operations%5Bbot%5D/events{/privacy}",
            "received_events_url": "https://api.github.com/users/microsoft-github-operations%5Bbot%5D/received_events",
            "type": "Bot",
            "site_admin": false
        },
        "committer": {
            "login": "web-flow",
            "id": 19864447,
            "node_id": "MDQ6VXNlcjE5ODY0NDQ3",
            "avatar_url": "https://avatars.githubusercontent.com/u/19864447?v=4",
            "gravatar_id": "",
            "url": "https://api.github.com/users/web-flow",
            "html_url": "https://github.com/web-flow",
            "followers_url": "https://api.github.com/users/web-flow/followers",
            "following_url": "https://api.github.com/users/web-flow/following{/other_user}",
            "gists_url": "https://api.github.com/users/web-flow/gists{/gist_id}",
            "starred_url": "https://api.github.com/users/web-flow/starred{/owner}{/repo}",
            "subscriptions_url": "https://api.github.com/users/web-flow/subscriptions",
            "organizations_url": "https://api.github.com/users/web-flow/orgs",
            "repos_url": "https://api.github.com/users/web-flow/repos",
            "events_url": "https://api.github.com/users/web-flow/events{/privacy}",
            "received_events_url": "https://api.github.com/users/web-flow/received_events",
            "type": "User",
            "site_admin": false
        },
        "parents": []
    }
]